residue,8ABX,6MQ6
S167,-3.367416728,-1.104800344
F163,-4.223470968,-2.14139648
H346,-4.136777712,-3.191587888
G265,-1.596685656,-1.066878112
F214,-1.826731632,-1.73584148
Y126,-4.38689476,-0.26516848
A264,-3.976745744,-3.545976576
F270,-2.634737224,-0.193469936
Q266,-1.53449532,-0.187534424
L234,-2.008258536,-2.591736896
S263,-2.967395384,-3.164639208
L384,-1.048265648,-2.820779448
I349,-3.19720372,-1.804672736
F270,-2.634737224,-0.193469936
F226,-2.415214568,-1.034776208
G262,-1.966649568,-1.243070952
